{"cameraMode":{"drawMode":0,"name":"Shaded","section":"Shading Mode"},"sceneLighting":false,"audioPlay":false,"sceneViewState":{"showFog":true,"showMaterialUpdate":false,"showSkybox":false,"showFlares":true,"showImageEffects":true,"showParticleSystems":true},"in2DMode":false,"pivot":{"x":-0.054534912109375,"y":15.958580017089844,"z":0.05712890625},"rotation":{"x":0.009700034745037556,"y":-0.9244968891143799,"z":0.023580102249979974,"w":0.3803389370441437},"size":3.957836866378784,"orthographic":true}