{"cameraMode":{"drawMode":0,"name":"Shaded","section":"Shading Mode"},"sceneLighting":false,"audioPlay":false,"sceneViewState":{"showFog":true,"showMaterialUpdate":false,"showSkybox":false,"showFlares":true,"showImageEffects":true,"showParticleSystems":true},"in2DMode":false,"pivot":{"x":2.984619140625,"y":4.364126682281494,"z":-0.08023839443922043},"rotation":{"x":0.027050742879509927,"y":-0.8716943860054016,"z":0.04842869192361832,"w":0.48690131306648257},"size":1.3750755786895753,"orthographic":true}