{"cameraMode":{"drawMode":0,"name":"Shaded","section":"Shading Mode"},"sceneLighting":false,"audioPlay":false,"sceneViewState":{"showFog":true,"showMaterialUpdate":false,"showSkybox":true,"showFlares":true,"showImageEffects":true,"showParticleSystems":true},"in2DMode":false,"pivot":{"x":2.9986956119537355,"y":2.2031235694885256,"z":0.026262208819389344},"rotation":{"x":-0.13292641937732697,"y":0.672807514667511,"z":-0.1247348040342331,"w":-0.7170189023017883},"size":3.9685776233673097,"orthographic":false}