{"cameraMode":{"drawMode":0,"name":"Shaded","section":"Shading Mode"},"sceneLighting":false,"audioPlay":false,"sceneViewState":{"showFog":true,"showMaterialUpdate":false,"showSkybox":true,"showFlares":true,"showImageEffects":true,"showParticleSystems":true},"in2DMode":false,"pivot":{"x":4.401090621948242,"y":13.459368705749512,"z":0.8621752262115479},"rotation":{"x":0.038113802671432498,"y":0.9303125739097595,"z":-0.10115665942430496,"w":0.35049331188201907},"size":3.9685776233673097,"orthographic":false}