{"cameraMode":{"drawMode":0,"name":"Shaded","section":"Shading Mode"},"sceneLighting":false,"audioPlay":false,"sceneViewState":{"showFog":true,"showMaterialUpdate":false,"showSkybox":true,"showFlares":true,"showImageEffects":true,"showParticleSystems":true},"in2DMode":false,"pivot":{"x":-1.001304268836975,"y":10.00312328338623,"z":0.014514803886413575},"rotation":{"x":-0.00004647159221349284,"y":0.9998947381973267,"z":-0.0033093614038079979,"w":-0.014697152189910412},"size":3.9637973308563234,"orthographic":true}