{"cameraMode":{"drawMode":0,"name":"Shaded","section":"Shading Mode"},"sceneLighting":true,"audioPlay":false,"sceneViewState":{"showFog":true,"showMaterialUpdate":false,"showSkybox":true,"showFlares":true,"showImageEffects":true,"showParticleSystems":true},"in2DMode":false,"pivot":{"x":-3.0013043880462648,"y":-4.396876335144043,"z":0.026262208819389344},"rotation":{"x":-0.0014947120798751712,"y":-0.08390115201473236,"z":-0.00012585199146997184,"w":0.996472954750061},"size":8.83827018737793,"orthographic":true}